moderator,coef_interaction,se_interaction,p_interaction,N
hhi_d,0.00033394069213223983,0.0003520414482861419,0.34284253830960765,27365
